{
	"DataSources": [
		{
			"ObjectDataSource": {
				"Name": "ObjectDataSource1",
				"Items": [
					{"Id": 1, "rub": 555, "Display": "LTE"},
					{"Id": 2, "rub": 111, "Display": "2G"},
					{"Id": 3, "rub": 222, "Display": "3G"},
					{"Id": 4, "rub": 333, "Display": "2G"},
					{"Id": 5, "rub": 444, "Display": "GPRS"},
					{"Id": 6, "rub": 777, "Display": "GPRS"},
					{"Id": 7, "rub": 666, "Display": "LTE"}
				]
			}
		}
	],
	"Items": [{
		"ScrollPanel": {
			"Items": [
				{
					"GridPanel": {
						"Items": [
							{
								"Cell": {
									"ColumnSpan": 4,
									"Items": [
										{
											"Label": {
												"Value": "Простой ListBox(viewmode - base)",
												"HorizontalAlignment": "Right"
											}
										}
									]
								}
							},
							{
								"Cell": {
									"ColumnSpan": 4,
									"Items": [
										{
											"ListBox": {
												"ViewMode": "base",
												"ItemProperty": "Display",
												"Items": {
													"Source": "ObjectDataSource1"
												},
												"ItemTemplate":{
													"Label": {
														"Value": {
															"Source": "ObjectDataSource1",
															"Property": "#.Display"
														}
													}
												},
												"ContextMenu": {
													"Items": [
														{
															"Button": {
																"ViewMode": "link",
																"Text": "contextMenuLink1contextMenuLink1contextMenuLink1contextMenuLink1",
																"OnClick": "{ console.log( 'contextMenuLink1 is clicked!' ) }"
															}
														},
														{
															"Button": {
																"ViewMode": "link",
																"Text": "contextMenuLink2contextMenuLink2contextMenuLink2contextMenuLink2",
																"OnClick": "{ console.log( 'contextMenuLink2 is clicked!' ) }"
															}
														},
														{
															"Divider": {}
														},
														{
															"Button": {
																"ViewMode": "link",
																"Text": "contextMenuLink3",
																"OnClick": "{ console.log( 'contextMenuLink3 is clicked!' ) }"
															}
														},
														{
															"Button": {
																"ViewMode": "link",
																"Text": "contextMenuLink4",
																"OnClick": "{ console.log( 'contextMenuLink4 is clicked!' ) }"
															}
														},
														{
															"Divider": {}
														},
														{
															"Button": {
																"ViewMode": "link",
																"Text": "contextMenuLink5",
																"OnClick": "{ console.log( 'contextMenuLink5 is clicked!' ) }"
															}
														},
														{
															"Button": {
																"ViewMode": "link",
																"Text": "contextMenuLink6",
																"OnClick": "{ console.log( 'contextMenuLink6 is clicked!' ) }"
															}
														}
													]
												},
												"ToolTip": "this is bottom toolTip"
											}
										}
									]
								}
							},
							{
								"Cell": {
									"ColumnSpan": 4,
									"Items": [
										{
											"Divider": {
												"Name": "nameDivider",
												"Background": "primary2",
												"OnLoaded": "{ console.log( 'divider is loaded!' ) }"
											}
										}
									]
								}
							},
							{
								"Cell": {
									"ColumnSpan": 4,
									"Items": [
										{
											"Label": {
												"Value": "Button test",
												"HorizontalAlignment": "Right"
											}
										}
									]
								}
							},
							{
								"Cell": {
									"ColumnSpan": 4,
									"Items": [
										{
											"PopupButton": {
												"Text": "popupButton",
												"ViewMode": "forMenu",
												"Items": [
													{
														"Button": {
															"Text": "link1"
														}
													},
													{
														"Button": {
															"Text": "link2"
														}
													}
												]
											}
										}
									]
								}
							},
							{
								"Cell": {
									"ColumnSpan": 4,
									"Items": [
										{
											"Divider": {
												"Name": "nameDivider",
												"Background": "primary2"
											}
										}
									]
								}
							}
						]
					}
				}
			]
		}
	}]
}
