{
	"Items": [{
		"ScrollPanel": {
			"Items": [
				{
					"GridPanel": {
						"Items": [
							{
								"Cell": {
									"ColumnSpan": 4,
									"Items": [
										{
											"Label": {
												"Value": "Простой ListBox(viewmode - base)",
												"HorizontalAlignment": "Right"
											}
										}
									]
								}
							},
							{
								"Cell": {
									"ColumnSpan": 4,
									"Items": [
										{
											"CheckBox": {
												"Value": false,
												"Text": "CheckBox"
											}
										},
										{
											"CheckBox": {
												"Value": true,
												"Text": "CheckBox"
											}
										},
										{
											"IndeterminateCheckBox": {
												"Value": "unchecked",
												"Text": "IndeterminateCheckBox"
											}
										},
										{
											"IndeterminateCheckBox": {
												"Value": "checked",
												"Text": "IndeterminateCheckBox"
											}
										},
										{
											"IndeterminateCheckBox": {
												"Value": "indeterminate",
												"Text": "IndeterminateCheckBox"
											}
										}
									]
								}
							},
							{
								"Cell": {
									"ColumnSpan": 4,
									"Items": [
										{
											"Divider": {
												"Name": "nameDivider",
												"Background": "primary2",
												"OnLoaded": "{ console.log( 'divider is loaded!' ) }"
											}
										}
									]
								}
							},
							{
								"Cell": {
									"ColumnSpan": 4,
									"Items": [
										{
											"Label": {
												"Value": "Button test",
												"HorizontalAlignment": "Right"
											}
										}
									]
								}
							},
							{
								"Cell": {
									"ColumnSpan": 4,
									"Items": [
										{
											"PopupButton": {
												"Text": "popupButton",
												"ViewMode": "forMenu",
												"Items": [
													{
														"Button": {
															"Text": "link1"
														}
													},
													{
														"Button": {
															"Text": "link2"
														}
													}
												]
											}
										}
									]
								}
							},
							{
								"Cell": {
									"ColumnSpan": 4,
									"Items": [
										{
											"Divider": {
												"Name": "nameDivider",
												"Background": "primary2"
											}
										}
									]
								}
							}
						]
					}
				}
			]
		}
	}]
}
