{
	"Items": [{
		"ScrollPanel": {
			"Items": [
				{
					"GridPanel": {
						"Items": [
							{
								"Cell": {
									"ColumnSpan": 4,
									"Items": [
										{
											"Label": {
												"Value": "Link with href 'LinkButton' and target 'blank'",
												"HorizontalAlignment": "Right"
											}
										}
									]
								}
							},
							{
								"Cell": {
									"ColumnSpan": 4,
									"Items": [
										{
											"Link": {
												"Text": "LinkButton",
												"Href": "LinkButton",
												"Target": "blank"
											}
										}
									]
								}
							},
							{
								"Cell": {
									"ColumnSpan": 4,
									"Items": []
								}
							},
							{
								"Cell": {
									"ColumnSpan": 4,
									"Items": [
										{
											"Label": {
												"Value": "Link with foreground",
												"HorizontalAlignment": "Right"
											}
										}
									]
								}
							},
							{
								"Cell": {
									"ColumnSpan": 4,
									"Items": [
										{
											"Link": {
												"Text": "LinkButton",
												"Href": "LinkButton",
												"Target": "blank",
												"Foreground": "primary2"
											}
										}
									]
								}
							},
							{
								"Cell": {
									"ColumnSpan": 4,
									"Items": []
								}
							},
							{
								"Cell": {
									"ColumnSpan": 4,
									"Items": [
										{
											"Label": {
												"Value": "Link with background",
												"HorizontalAlignment": "Right"
											}
										}
									]
								}
							},
							{
								"Cell": {
									"ColumnSpan": 4,
									"Items": [
										{
											"Link": {
												"Text": "LinkButton",
												"Href": "LinkButton",
												"Target": "blank",
												"Background": "primary2"
											}
										}
									]
								}
							},
							{
								"Cell": {
									"ColumnSpan": 4,
									"Items": []
								}
							},
							{
								"Cell": {
									"ColumnSpan": 4,
									"Items": [
										{
											"Label": {
												"Value": "Link with Focusable false",
												"HorizontalAlignment": "Right"
											}
										}
									]
								}
							},
							{
								"Cell": {
									"ColumnSpan": 4,
									"Items": [
										{
											"Link": {
												"Text": "LinkButton",
												"Href": "LinkButton",
												"Target": "blank",
												"Focusable": false
											}
										}
									]
								}
							},
							{
								"Cell": {
									"ColumnSpan": 4,
									"Items": []
								}
							}
						]
					}
				}
			]
		}
	}]
}
