{
	"DataSources": [
		{
			"ObjectDataSource": {
				"Name": "ObjectDataSource1",
				"Items": [
					{"Id": 1, "rub": 555, "Display": "LTE"},
					{"Id": 2, "rub": 111, "Display": "2G"},
					{"Id": 3, "rub": 222, "Display": "3G"},
					{"Id": 4, "rub": 333, "Display": "EDGE"},
					{"Id": 5, "rub": 444, "Display": "GPRS"},
					{"Id": 6, "rub": 777, "Display": "LTE"},
					{"Id": 7, "rub": 666, "Display": "WAP"}
				]
			}
		}
	],
	"Items": [{
		"ScrollPanel": {
			"Items": [
				{
					"GridPanel": {
						"Items": [
							{
								"Cell": {
									"ColumnSpan": 4,
									"Items": [
										{
											"Label": {
												"Value": "Simple Horizontal Base StackPanel",
												"HorizontalAlignment": "Right"
											}
										}
									]
								}
							},
							{
								"Cell": {
									"ColumnSpan": 4,
									"Items": [
										{
											"StackPanel": {
												"ViewMode": "Base",
												"Orientation": "Horizontal",
												"Items": [
													{
														"Label": {
															"Value": "One"
														}
													},
													{
														"Label": {
															"Value": "Two"
														}
													},
													{
														"Label": {
															"Value": "Three"
														}
													}
												]
											}
										}
									]
								}
							},
							{
								"Cell": {
									"ColumnSpan": 3,
									"Items": []
								}
							},
							{
								"Cell": {
									"ColumnSpan": 4,
									"Items": [
										{
											"Label": {
												"Value": "Simple Horizontal FormGroup StackPanel",
												"HorizontalAlignment": "Right"
											}
										}
									]
								}
							},
							{
								"Cell": {
									"ColumnSpan": 4,
									"Items": [
										{
											"StackPanel": {
												"ViewMode": "FormGroup",
												"Orientation": "Horizontal",
												"Items": [
													{
														"Label": {
															"Value": "One"
														}
													},
													{
														"Label": {
															"Value": "Two"
														}
													},
													{
														"Label": {
															"Value": "Three"
														}
													}
												]
											}
										}
									]
								}
							},
							{
								"Cell": {
									"ColumnSpan": 3,
									"Items": []
								}
							},
							{
								"Cell": {
									"ColumnSpan": 4,
									"Items": [
										{
											"Label": {
												"Value": "Simple Vertical Base StackPanel",
												"HorizontalAlignment": "Right"
											}
										}
									]
								}
							},
							{
								"Cell": {
									"ColumnSpan": 4,
									"Items": [
										{
											"StackPanel": {
												"ViewMode": "Base",
												"Orientation": "Vertical",
												"Items": [
													{
														"Label": {
															"Value": "One"
														}
													},
													{
														"Label": {
															"Value": "Two"
														}
													},
													{
														"Label": {
															"Value": "Three"
														}
													}
												]
											}
										}
									]
								}
							},
							{
								"Cell": {
									"ColumnSpan": 3,
									"Items": []
								}
							},
							{
								"Cell": {
									"ColumnSpan": 4,
									"Items": [
										{
											"Label": {
												"Value": "Simple Vertical FormGroup StackPanel",
												"HorizontalAlignment": "Right"
											}
										}
									]
								}
							},
							{
								"Cell": {
									"ColumnSpan": 4,
									"Items": [
										{
											"StackPanel": {
												"ViewMode": "FormGroup",
												"Orientation": "Vertical",
												"Items": [
													{
														"Label": {
															"Value": "One"
														}
													},
													{
														"Label": {
															"Value": "Two"
														}
													},
													{
														"Label": {
															"Value": "Three"
														}
													}
												]
											}
										}
									]
								}
							},
							{
								"Cell": {
									"ColumnSpan": 3,
									"Items": []
								}
							},
							{
								"Cell": {
									"ColumnSpan": 4,
									"Items": [
										{
											"Label": {
												"Value": "ItemTemplate StackPanel",
												"HorizontalAlignment": "Right"
											}
										}
									]
								}
							},
							{
								"Cell": {
									"ColumnSpan": 4,
									"Items": [
										{
											"StackPanel": {
												"ViewMode": "FormGroup",
												"Orientation": "Horizontal",
												"Items": {
													"Source": "ObjectDataSource1"
												},
												"ItemTemplate":{
													"Label": {
														"Value": {
															"Source": "ObjectDataSource1",
															"Property": "#.Display"
														}
													}
												}
											}
										}
									]
								}
							},
							{
								"Cell": {
									"ColumnSpan": 3,
									"Items": []
								}
							},
							{
								"Cell": {
									"ColumnSpan": 4,
									"Items": [
										{
											"Label": {
												"Value": "ItemFormat StackPanel",
												"HorizontalAlignment": "Right"
											}
										}
									]
								}
							},
							{
								"Cell": {
									"ColumnSpan": 4,
									"Items": [
										{
											"StackPanel": {
												"ViewMode": "FormGroup",
												"Orientation": "Horizontal",
												"Items": {
													"Source": "ObjectDataSource1"
												},
												"ItemFormat": "{rub} rub;"
											}
										}
									]
								}
							},
							{
								"Cell": {
									"ColumnSpan": 3,
									"Items": []
								}
							},
							{
								"Cell": {
									"ColumnSpan": 4,
									"Items": [
										{
											"Label": {
												"Value": "ItemSelector StackPanel",
												"HorizontalAlignment": "Right"
											}
										}
									]
								}
							},
							{
								"Cell": {
									"ColumnSpan": 4,
									"Items": [
										{
											"StackPanel": {
												"ViewMode": "FormGroup",
												"Orientation": "Horizontal",
												"Items": {
													"Source": "ObjectDataSource1"
												},
												"ItemSelector": "{ return 'Cost: ' + args.value.rub + ' rub;'; }"
											}
										}
									]
								}
							},
							{
								"Cell": {
									"ColumnSpan": 3,
									"Items": []
								}
							},
							{
								"Cell": {
									"ColumnSpan": 4,
									"Items": [
										{
											"Label": {
												"Value": "ItemProperty StackPanel",
												"HorizontalAlignment": "Right"
											}
										}
									]
								}
							},
							{
								"Cell": {
									"ColumnSpan": 4,
									"Items": [
										{
											"StackPanel": {
												"ViewMode": "FormGroup",
												"Orientation": "Horizontal",
												"Items": {
													"Source": "ObjectDataSource1"
												},
												"ItemProperty": "Id"
											}
										}
									]
								}
							},
							{
								"Cell": {
									"ColumnSpan": 3,
									"Items": []
								}
							},
							{
								"Cell": {
									"ColumnSpan": 4,
									"Items": [
										{
											"Label": {
												"Value": "GroupValueProperty StackPanel",
												"HorizontalAlignment": "Right"
											}
										}
									]
								}
							},
							{
								"Cell": {
									"ColumnSpan": 4,
									"Items": [
										{
											"StackPanel": {
												"ViewMode": "FormGroup",
												"Orientation": "Horizontal",
												"Items": {
													"Source": "ObjectDataSource1"
												},
												"ItemTemplate":{
													"Label": {
														"Value": {
															"Source": "ObjectDataSource1",
															"Property": "#.Display"
														}
													}
												},
												"GroupValueProperty": "Display",
												"GroupItemTemplate": {
													"Label": {
														"Value": {
															"Source": "ObjectDataSource1",
															"Property": "#.Id"
														}
													}
												}
											}
										}
									]
								}
							},
							{
								"Cell": {
									"ColumnSpan": 3,
									"Items": []
								}
							},
							{
								"Cell": {
									"ColumnSpan": 4,
									"Items": [
										{
											"Label": {
												"Value": "GroupItemFormat StackPanel",
												"HorizontalAlignment": "Right"
											}
										}
									]
								}
							},
							{
								"Cell": {
									"ColumnSpan": 4,
									"Items": [
										{
											"StackPanel": {
												"ViewMode": "FormGroup",
												"Orientation": "Vertical",
												"Items": {
													"Source": "ObjectDataSource1"
												},
												"ItemFormat": "- {rub} rub",
												"GroupValueProperty": "Display",
												"GroupItemFormat": "Internet - {Display};"
											}
										}
									]
								}
							},
							{
								"Cell": {
									"ColumnSpan": 3,
									"Items": []
								}
							},
							{
								"Cell": {
									"ColumnSpan": 4,
									"Items": [
										{
											"Label": {
												"Value": "GroupItemProperty StackPanel",
												"HorizontalAlignment": "Right"
											}
										}
									]
								}
							},
							{
								"Cell": {
									"ColumnSpan": 4,
									"Items": [
										{
											"StackPanel": {
												"ViewMode": "FormGroup",
												"Orientation": "Vertical",
												"Items": {
													"Source": "ObjectDataSource1"
												},
												"ItemFormat": "{Display} for just {rub} rub",
												"GroupValueProperty": "Display",
												"GroupItemProperty": "Display;"
											}
										}
									]
								}
							},
							{
								"Cell": {
									"ColumnSpan": 3,
									"Items": []
								}
							},
							{
								"Cell": {
									"ColumnSpan": 4,
									"Items": [
										{
											"Label": {
												"Value": "Name StackPanel",
												"HorizontalAlignment": "Right"
											}
										}
									]
								}
							},
							{
								"Cell": {
									"ColumnSpan": 4,
									"Items": [
										{
											"StackPanel": {
												"ViewMode": "FormGroup",
												"Orientation": "Horizontal",
												"Items": {
													"Source": "ObjectDataSource1"
												},
												"ItemFormat": "{rub} rub;",
												"Name": "NameForStackPanel"
											}
										}
									]
								}
							},
							{
								"Cell": {
									"ColumnSpan": 3,
									"Items": []
								}
							},
							{
								"Cell": {
									"ColumnSpan": 4,
									"Items": [
										{
											"Label": {
												"Value": "Text StackPanel",
												"HorizontalAlignment": "Right"
											}
										}
									]
								}
							},
							{
								"Cell": {
									"ColumnSpan": 4,
									"Items": [
										{
											"StackPanel": {
												"ViewMode": "FormGroup",
												"Orientation": "Horizontal",
												"Items": {
													"Source": "ObjectDataSource1"
												},
												"ItemFormat": "{rub} rub;",
												"Text": "TextForStackPanel"
											}
										}
									]
								}
							},
							{
								"Cell": {
									"ColumnSpan": 3,
									"Items": []
								}
							},
							{
								"Cell": {
									"ColumnSpan": 4,
									"Items": [
										{
											"Label": {
												"Value": "Enabled StackPanel",
												"HorizontalAlignment": "Right"
											}
										}
									]
								}
							},
							{
								"Cell": {
									"ColumnSpan": 4,
									"Items": [
										{
											"StackPanel": {
												"ViewMode": "FormGroup",
												"Orientation": "Horizontal",
												"Items": {
													"Source": "ObjectDataSource1"
												},
												"ItemFormat": "{rub} rub;",
												"Enabled": false
											}
										}
									]
								}
							},
							{
								"Cell": {
									"ColumnSpan": 3,
									"Items": []
								}
							},
							{
								"Cell": {
									"ColumnSpan": 4,
									"Items": [
										{
											"Label": {
												"Value": "Visible StackPanel",
												"HorizontalAlignment": "Right"
											}
										}
									]
								}
							},
							{
								"Cell": {
									"ColumnSpan": 4,
									"Items": [
										{
											"StackPanel": {
												"ViewMode": "FormGroup",
												"Orientation": "Horizontal",
												"Items": {
													"Source": "ObjectDataSource1"
												},
												"ItemFormat": "{rub} rub;",
												"Visible": false
											}
										}
									]
								}
							},
							{
								"Cell": {
									"ColumnSpan": 3,
									"Items": []
								}
							},
							{
								"Cell": {
									"ColumnSpan": 4,
									"Items": [
										{
											"Label": {
												"Value": "TextStyle StackPanel",
												"HorizontalAlignment": "Right"
											}
										}
									]
								}
							},
							{
								"Cell": {
									"ColumnSpan": 4,
									"Items": [
										{
											"StackPanel": {
												"ViewMode": "FormGroup",
												"Orientation": "Horizontal",
												"Items": {
													"Source": "ObjectDataSource1"
												},
												"ItemFormat": "{rub};",
												"TextStyle": "display1"
											}
										}
									]
								}
							},
							{
								"Cell": {
									"ColumnSpan": 3,
									"Items": []
								}
							},
							{
								"Cell": {
									"ColumnSpan": 4,
									"Items": [
										{
											"Label": {
												"Value": "Foreground StackPanel",
												"HorizontalAlignment": "Right"
											}
										}
									]
								}
							},
							{
								"Cell": {
									"ColumnSpan": 4,
									"Items": [
										{
											"StackPanel": {
												"ViewMode": "FormGroup",
												"Orientation": "Horizontal",
												"Items": {
													"Source": "ObjectDataSource1"
												},
												"ItemFormat": "{rub} rub;",
												"Foreground": "primary2"
											}
										}
									]
								}
							},
							{
								"Cell": {
									"ColumnSpan": 3,
									"Items": []
								}
							},
							{
								"Cell": {
									"ColumnSpan": 4,
									"Items": [
										{
											"Label": {
												"Value": "Background StackPanel",
												"HorizontalAlignment": "Right"
											}
										}
									]
								}
							},
							{
								"Cell": {
									"ColumnSpan": 4,
									"Items": [
										{
											"StackPanel": {
												"ViewMode": "FormGroup",
												"Orientation": "Horizontal",
												"Items": {
													"Source": "ObjectDataSource1"
												},
												"ItemFormat": "{rub} rub;",
												"Background": "primary2"
											}
										}
									]
								}
							},
							{
								"Cell": {
									"ColumnSpan": 3,
									"Items": []
								}
							},
							{
								"Cell": {
									"ColumnSpan": 4,
									"Items": [
										{
											"Label": {
												"Value": "ToolTip StackPanel",
												"HorizontalAlignment": "Right"
											}
										}
									]
								}
							},
							{
								"Cell": {
									"ColumnSpan": 4,
									"Items": [
										{
											"StackPanel": {
												"ViewMode": "FormGroup",
												"Orientation": "Horizontal",
												"Items": {
													"Source": "ObjectDataSource1"
												},
												"ItemFormat": "{rub} rub;",
												"ToolTip": "This is tooltip for stackpanel"
											}
										}
									]
								}
							},
							{
								"Cell": {
									"ColumnSpan": 3,
									"Items": []
								}
							},
							{
								"Cell": {
									"ColumnSpan": 4,
									"Items": [
										{
											"Label": {
												"Value": "Tag StackPanel",
												"HorizontalAlignment": "Right"
											}
										}
									]
								}
							},
							{
								"Cell": {
									"ColumnSpan": 4,
									"Items": [
										{
											"StackPanel": {
												"ViewMode": "FormGroup",
												"Orientation": "Horizontal",
												"Items": {
													"Source": "ObjectDataSource1"
												},
												"ItemFormat": "{rub} rub;",
												"Tag": "This is tag for stack panel"
											}
										}
									]
								}
							},
							{
								"Cell": {
									"ColumnSpan": 3,
									"Items": []
								}
							},
							{
								"Cell": {
									"ColumnSpan": 4,
									"Items": [
										{
											"Label": {
												"Value": "OnLoaded StackPanel",
												"HorizontalAlignment": "Right"
											}
										}
									]
								}
							},
							{
								"Cell": {
									"ColumnSpan": 4,
									"Items": [
										{
											"StackPanel": {
												"ViewMode": "FormGroup",
												"Orientation": "Horizontal",
												"Items": {
													"Source": "ObjectDataSource1"
												},
												"ItemFormat": "{rub} rub;",
												"OnLoaded": "{ args.source.setBackground('primary2') }"
											}
										}
									]
								}
							},
							{
								"Cell": {
									"ColumnSpan": 3,
									"Items": []
								}
							},
							{
								"Cell": {
									"ColumnSpan": 4,
									"Items": [
										{
											"Label": {
												"Value": "OnClick StackPanel",
												"HorizontalAlignment": "Right"
											}
										}
									]
								}
							},
							{
								"Cell": {
									"ColumnSpan": 4,
									"Items": [
										{
											"StackPanel": {
												"ViewMode": "FormGroup",
												"Orientation": "Horizontal",
												"Items": {
													"Source": "ObjectDataSource1"
												},
												"ItemFormat": "{rub} rub;",
												"OnClick": "{ args.source.setBackground('primary2') }"
											}
										}
									]
								}
							},
							{
								"Cell": {
									"ColumnSpan": 3,
									"Items": []
								}
							},
							{
								"Cell": {
									"ColumnSpan": 4,
									"Items": [
										{
											"Label": {
												"Value": "OnDoubleClick StackPanel",
												"HorizontalAlignment": "Right"
											}
										}
									]
								}
							},
							{
								"Cell": {
									"ColumnSpan": 4,
									"Items": [
										{
											"StackPanel": {
												"ViewMode": "FormGroup",
												"Orientation": "Horizontal",
												"Items": {
													"Source": "ObjectDataSource1"
												},
												"ItemFormat": "{rub} rub;",
												"OnDoubleClick": "{ args.source.setBackground('primary2') }"
											}
										}
									]
								}
							},
							{
								"Cell": {
									"ColumnSpan": 3,
									"Items": []
								}
							},
							{
								"Cell": {
									"ColumnSpan": 4,
									"Items": [
										{
											"Label": {
												"Value": "OnMouseDown StackPanel",
												"HorizontalAlignment": "Right"
											}
										}
									]
								}
							},
							{
								"Cell": {
									"ColumnSpan": 4,
									"Items": [
										{
											"StackPanel": {
												"ViewMode": "FormGroup",
												"Orientation": "Horizontal",
												"Items": {
													"Source": "ObjectDataSource1"
												},
												"ItemFormat": "{rub} rub;",
												"OnMouseDown": "{ args.source.setBackground('primary2') }"
											}
										}
									]
								}
							},
							{
								"Cell": {
									"ColumnSpan": 3,
									"Items": []
								}
							},
							{
								"Cell": {
									"ColumnSpan": 4,
									"Items": [
										{
											"Label": {
												"Value": "OnMouseUp StackPanel",
												"HorizontalAlignment": "Right"
											}
										}
									]
								}
							},
							{
								"Cell": {
									"ColumnSpan": 4,
									"Items": [
										{
											"StackPanel": {
												"ViewMode": "FormGroup",
												"Orientation": "Horizontal",
												"Items": {
													"Source": "ObjectDataSource1"
												},
												"ItemFormat": "{rub} rub;",
												"OnMouseUp": "{ args.source.setBackground('primary2') }"
											}
										}
									]
								}
							},
							{
								"Cell": {
									"ColumnSpan": 3,
									"Items": []
								}
							},
							{
								"Cell": {
									"ColumnSpan": 4,
									"Items": [
										{
											"Label": {
												"Value": "OnMouseWheel StackPanel",
												"HorizontalAlignment": "Right"
											}
										}
									]
								}
							},
							{
								"Cell": {
									"ColumnSpan": 4,
									"Items": [
										{
											"StackPanel": {
												"ViewMode": "FormGroup",
												"Orientation": "Horizontal",
												"Items": {
													"Source": "ObjectDataSource1"
												},
												"ItemFormat": "{rub} rub;",
												"OnMouseWheel": "{ args.source.setBackground('primary2') }"
											}
										}
									]
								}
							},
							{
								"Cell": {
									"ColumnSpan": 3,
									"Items": []
								}
							},
							{
								"Cell": {
									"ColumnSpan": 4,
									"Items": [
										{
											"Label": {
												"Value": "OnMouseEnter StackPanel",
												"HorizontalAlignment": "Right"
											}
										}
									]
								}
							},
							{
								"Cell": {
									"ColumnSpan": 4,
									"Items": [
										{
											"StackPanel": {
												"ViewMode": "FormGroup",
												"Orientation": "Horizontal",
												"Items": {
													"Source": "ObjectDataSource1"
												},
												"ItemFormat": "{rub} rub;",
												"OnMouseEnter": "{ args.source.setBackground('primary2') }"
											}
										}
									]
								}
							},
							{
								"Cell": {
									"ColumnSpan": 3,
									"Items": []
								}
							},
							{
								"Cell": {
									"ColumnSpan": 4,
									"Items": [
										{
											"Label": {
												"Value": "OnMouseLeave StackPanel",
												"HorizontalAlignment": "Right"
											}
										}
									]
								}
							},
							{
								"Cell": {
									"ColumnSpan": 4,
									"Items": [
										{
											"StackPanel": {
												"ViewMode": "FormGroup",
												"Orientation": "Horizontal",
												"Items": {
													"Source": "ObjectDataSource1"
												},
												"ItemFormat": "{rub} rub;",
												"OnMouseLeave": "{ args.source.setBackground('primary2') }"
											}
										}
									]
								}
							},
							{
								"Cell": {
									"ColumnSpan": 3,
									"Items": []
								}
							},
							{
								"Cell": {
									"ColumnSpan": 4,
									"Items": [
										{
											"Label": {
												"Value": "OnMouseMove StackPanel",
												"HorizontalAlignment": "Right"
											}
										}
									]
								}
							},
							{
								"Cell": {
									"ColumnSpan": 4,
									"Items": [
										{
											"StackPanel": {
												"ViewMode": "FormGroup",
												"Orientation": "Horizontal",
												"Items": {
													"Source": "ObjectDataSource1"
												},
												"ItemFormat": "{rub} rub;",
												"OnMouseMove": "{ args.source.setBackground('primary2') }"
											}
										}
									]
								}
							},
							{
								"Cell": {
									"ColumnSpan": 3,
									"Items": []
								}
							},
							{
								"Cell": {
									"ColumnSpan": 4,
									"Items": [
										{
											"Label": {
												"Value": "OnPropertyChanged StackPanel",
												"HorizontalAlignment": "Right"
											}
										}
									]
								}
							},
							{
								"Cell": {
									"ColumnSpan": 4,
									"Items": [
										{
											"StackPanel": {
												"ViewMode": "FormGroup",
												"Orientation": "Horizontal",
												"Items": {
													"Source": "ObjectDataSource1"
												},
												"ItemFormat": "{rub} rub;",
												"OnPropertyChanged": "{ args.source.setBackground('primary2') }"
											}
										}
									]
								}
							},
							{
								"Cell": {
									"ColumnSpan": 3,
									"Items": [
										{
											"Label": {
												"Value": "OnPropertyChanged doesn't work",
												"Foreground": "primary2"
											}
										}
									]
								}
							}
						]
					}
				}
			]
		}
	}]
}
