{
	"DataSources": [
		{
			"ObjectDataSource": {
				"Name": "ObjectDataSource1",
				"Items": [
					{"Id": 1, "rub": 555, "Display": "LTE"},
					{"Id": 2, "rub": 111, "Display": "2G"},
					{"Id": 3, "rub": 222, "Display": "3G"},
					{"Id": 4, "rub": 333, "Display": "2G"},
					{"Id": 5, "rub": 444, "Display": "GPRS"},
					{"Id": 6, "rub": 777, "Display": "GPRS"},
					{"Id": 7, "rub": 666, "Display": "LTE"},
					{"Id": 1, "rub": 555, "Display": "LTE"},
					{"Id": 2, "rub": 111, "Display": "2G"},
					{"Id": 3, "rub": 222, "Display": "3G"},
					{"Id": 4, "rub": 333, "Display": "2G"},
					{"Id": 5, "rub": 444, "Display": "GPRS"},
					{"Id": 6, "rub": 777, "Display": "GPRS"},
					{"Id": 7, "rub": 666, "Display": "LTE"}
				]
			}
		},
		{
			"ObjectDataSource": {
				"Name": "ObjectDataSource2",
				"Items": [
					{"Id": 1, "rub": 11, "Display": "320x480"},
					{"Id": 2, "rub": 12, "Display": "360x540"},
					{"Id": 3, "rub": 13, "Display": "375x700"},
					{"Id": 4, "rub": 14, "Display": "480x960"},
					{"Id": 5, "rub": 15, "Display": "768x1024"},
					{"Id": 6, "rub": 16, "Display": "780x1200"},
					{"Id": 7, "rub": 17, "Display": "900x1600"},
					{"Id": 1, "rub": 11, "Display": "320x480"},
					{"Id": 2, "rub": 12, "Display": "360x540"},
					{"Id": 3, "rub": 13, "Display": "375x700"},
					{"Id": 4, "rub": 14, "Display": "480x960"},
					{"Id": 5, "rub": 15, "Display": "768x1024"},
					{"Id": 6, "rub": 16, "Display": "780x1200"},
					{"Id": 7, "rub": 17, "Display": "900x1600"}
				]
			}
		}
	],
	"Items": [{
		"GridPanel": {
			"Items": [
				{
					"Cell": {
						"ColumnSpan": 6,
						"Items": [
							{
								"ScrollPanel": {
									"Items": [
										{
											"StackPanel": {
												"Orientation": "Vertical",
												"TextStyle": "display2",
												"Items": {
													"Source": "ObjectDataSource1"
												},
												"ItemFormat": "{rub} rub;"
											}
										}
									]
								}
							},
							{
								"ScrollPanel": {
									"Items": [
										{
											"StackPanel": {
												"Orientation": "Vertical",
												"TextStyle": "display2",
												"Items": {
													"Source": "ObjectDataSource2"
												},
												"ItemFormat": "{Display} rub;"
											}
										}
									]
								}
							},
							{
								"StackPanel": {
									"Orientation": "Horizontal",
									"ViewMode": "FormGroup",
									"Items": [
										{
											"Button": {
												"Text": "One"
											}
										},
										{
											"Button": {
												"Text": "Two"
											}
										},
										{
											"Button": {
												"Text": "Three"
											}
										}
									]
								}
							}
						]
					}
				},
				{
					"Cell": {
						"ColumnSpan": 6,
						"Items": [
							{
								"GridPanel": {
									"Items": [
										{
											"Cell": {
												"ColumnSpan": 6,
												"Items": [
													{
														"Label": {
															"Value": "Row 1, 6 columns"
														}
													}
												]
											}
										},
										{
											"Cell": {
												"ColumnSpan": 6,
												"Items": [
													{
														"Label": {
															"Value": "Row 1, 6 columns"
														}
													}
												],
												"Text": "gridpanelText"
											}
										},
										{
											"Cell": {
												"ColumnSpan": 12,
												"Items": [
													{
														"Label": {
															"Value": "Row 2, 12 columns"
														}
													}
												]
											}
										},
										{
											"Cell": {
												"ColumnSpan": 3,
												"Items": [
													{
														"Label": {
															"Value": "Row 3, 3 columns"
														}
													}
												]
											}
										},
										{
											"Cell": {
												"ColumnSpan": 8,
												"Items": [
													{
														"Label": {
															"Value": "Row 3, 8 columns"
														}
													}
												]
											}
										},
										{
											"Cell": {
												"ColumnSpan": 5,
												"Items": [
													{
														"Label": {
															"Value": "Row 4, 5 columns"
														}
													}
												]
											}
										},
										{
											"Cell": {
												"ColumnSpan": 6,
												"Items": [
													{
														"Label": {
															"Value": "Row 4, 6 columns"
														}
													}
												]
											}
										},
										{
											"Cell": {
												"ColumnSpan": 4,
												"Items": [
													{
														"Label": {
															"Value": "Name for gridpanel"
														}
													}
												]
											}
										},
										{
											"Cell": {
												"ColumnSpan": 4,
												"Items": [
													{
														"Label": {
															"Value": "4 columns"
														}
													}
												],
												"Name": "gridpanelName"
											}
										},
										{
											"Cell": {
												"ColumnSpan": 4,
												"Items": []
											}
										},
										{
											"Cell": {
												"ColumnSpan": 4,
												"Items": [
													{
														"Label": {
															"Value": "Text for gridpanel"
														}
													}
												]
											}
										}
									]
								}
							}
						]
					}
				}
			]
		}
	}]
}
