{
  "name": "infinni-ui",
  "homepage": "https://github.com/InfinniPlatform/InfinniUI",
  "authors": [
    "InfinnitySolutions <info@infinnity.ru>"
  ],
  "description": "",
  "main": "",
  "moduleType": [],
  "keywords": [
    "infinnitysolutions",
    "infinnity",
    "infinni-ui",
    "ui-framework"
  ],
  "license": "GPL",
  "dependencies": {
    "infinni-ui-metadata": "latest"
  },
  "version": "2.1.36",
  "_release": "2.1.36",
  "_resolution": {
    "type": "version",
    "tag": "2.1.36",
    "commit": "441b69fb4010313fb39e90de2114d22d8bc8257b"
  },
  "_source": "https://github.com/InfinniPlatform/InfinniUI-dist.git",
  "_target": "*",
  "_originalSource": "infinni-ui"
}